{"cameraMode":{"drawMode":0,"name":"Shaded","section":"Shading Mode"},"sceneLighting":true,"audioPlay":false,"sceneViewState":{"showFog":true,"showMaterialUpdate":false,"showSkybox":true,"showFlares":true,"showImageEffects":true,"showParticleSystems":true},"in2DMode":false,"pivot":{"x":-17.82215690612793,"y":-12.129480361938477,"z":90.9594955444336},"rotation":{"x":-0.07210204750299454,"y":0.06368809193372727,"z":-0.004616044461727142,"w":-0.9953685998916626},"size":68.70672607421875,"orthographic":false}